id,first_name,last_name,sex,age,pen_amount,nationality
1,Tracie,Kropach,Female,78,8075,Russia
2,Ram,Strathearn,Male,95,8289,Russia
3,Kelcey,Gregr,Female,82,2500,Russia
4,Raymond,Yakovitch,Female,92,8007,Russia
5,Georgine,Joubert,Female,84,3075,Russia
6,Karole,McGairl,Female,76,6719,Russia
7,Guinevere,McKniely,Male,84,8993,Russia
8,Benetta,Baylis,Male,68,2321,Russia
9,Welsh,Cescon,Male,71,9268,Russia
10,Chevalier,Chapelhow,Male,87,5502,Russia
11,Elsy,Kirrage,Male,99,8608,Russia
12,Mira,Gilhooly,Female,95,1853,Russia
13,Conny,Huntly,Female,80,7018,Russia
14,Lizette,Behnecke,Female,76,3417,Russia
15,Rosabelle,Eagleton,Male,96,8935,Russia
16,Cindy,Tall,Female,97,7362,Russia
17,Joete,Jakubovicz,Male,98,3159,Russia
18,Raynard,Sammon,Female,95,2321,Russia
19,Virginie,McDonagh,Male,67,6832,Russia
20,Jerald,Ottee,Male,71,6037,Russia
21,Leeann,Parry,Female,94,4280,Russia
22,Stace,Symcock,Female,70,1852,Russia
23,Franky,Stuer,Female,89,3649,Russia
24,Andi,Gutowski,Female,86,2817,Russia
25,Dar,Spellacey,Female,83,1371,Russia
26,Alberik,Pinor,Female,84,5850,Russia
27,Aristotle,Carnalan,Female,79,9178,Russia
28,Merell,Lavis,Female,86,6266,Russia
29,Aaron,Offiler,Male,86,7294,Russia
30,Weidar,Anstie,Female,72,2445,Russia
31,Chick,Gommowe,Female,93,8790,Russia
32,Aleksandr,Lobb,Male,72,1469,Russia
33,Patricia,Orhrt,Male,77,3085,Russia
34,Rosalyn,Sains,Male,93,4723,Russia
35,Fayth,Yurin,Female,81,6233,Russia
36,Ginelle,Pfaffel,Female,85,4107,Russia
37,Ichabod,Yole,Male,74,8271,Russia
38,Stuart,Baxendale,Male,68,5608,Russia
39,Teirtza,Stopforth,Female,96,3153,Russia
40,Arluene,Hambrook,Female,90,9699,Russia
41,Linzy,Atling,Male,93,2126,Russia
42,Courtenay,Teaser,Female,69,3871,Russia
43,Jennette,Paudin,Female,89,4920,Russia
44,Wilone,Brixey,Female,96,1984,Russia
45,Ingunna,McKnockiter,Male,88,8016,Russia
46,Marieann,Frotton,Female,89,6677,Russia
47,Brady,Bianco,Male,75,3491,Russia
48,Sandie,Edmundson,Male,82,8125,Russia
49,Charley,Southcoat,Male,96,8659,Russia
50,Russell,Riepel,Male,100,4626,Russia
51,Shelby,Fagg,Female,70,5463,Russia
52,Jean,Swyer,Male,73,3178,Russia
53,Fabio,Siehard,Male,90,8910,Russia
54,Pierrette,Flintoft,Male,83,9548,Russia
55,Ringo,Hagwood,Female,86,8200,Russia
56,Sukey,Coxhead,Male,82,4625,Russia
57,Keriann,Whitehouse,Female,88,7532,Russia
58,Irena,Donaway,Male,84,9432,Estonia
59,Augustine,Cuseick,Male,75,6987,Russia
60,Corrina,Darthe,Male,100,4439,Russia
61,Ricoriki,Acres,Female,97,8993,Russia
62,Hendrika,Yurocjkin,Male,76,4722,Russia
63,Dimitry,Lohan,Male,99,3765,Russia
64,Pearl,Whyard,Male,91,6817,Russia
65,Dorelia,Laffranconi,Female,74,3539,Russia
66,Shandra,Terese,Female,69,7495,Russia
67,Sallie,Scotchford,Male,65,8282,Russia
68,Liz,Duckhouse,Female,89,2686,Russia
69,Grenville,Witherdon,Female,65,1368,Russia
70,Fianna,Sich,Male,92,3163,Russia
71,Catherine,Suscens,Male,99,4211,Russia
72,Lyell,Egan,Male,69,9049,Russia
73,Teddi,Vayro,Male,68,6264,Russia
74,Tomkin,Kelland,Female,83,1715,Russia
75,Rodd,Warwicker,Female,72,1306,Russia
76,Maegan,Sturzaker,Male,80,2519,Russia
77,Hynda,Glaum,Female,100,8538,Russia
78,Artus,Ackenhead,Female,75,6888,Russia
79,Rene,Dineen,Female,93,6171,Russia
80,Theodore,Sheal,Male,71,9846,Russia
81,Rodrigo,Domone,Female,97,4232,Russia
82,Augustine,Biaggioli,Female,89,6345,Russia
83,Beaufort,Toffoletto,Male,99,7010,Russia
84,Roselle,Riep,Female,80,6443,Russia
85,Gregorio,Banton,Female,92,7357,Russia
86,Alexandre,Handford,Male,89,3626,Russia
87,Vanda,Mahody,Male,82,7485,Russia
88,Buck,Batistelli,Male,93,4690,Russia
89,Goldina,Richard,Female,90,9033,Russia
90,Adan,Martell,Female,80,2536,Russia
91,Bourke,L'Archer,Female,87,6017,Russia
92,Saxe,Gwalter,Female,90,8457,Russia
93,Paige,Scannell,Male,99,1317,Russia
94,Elmer,Lanegran,Female,87,8008,Russia
95,Netty,Tinkham,Male,88,2031,Russia
96,Adiana,Hemeret,Male,77,3991,Russia
97,Yettie,Archbell,Male,65,5439,Russia
98,Finn,Draco,Male,79,4853,Russia
99,Janine,Kwietek,Female,75,3947,Russia
100,Thekla,Berrecloth,Female,71,3427,Russia
101,Carmelita,Rackley,Male,72,8787,Russia
102,Sashenka,Bonniface,Female,94,7986,Russia
103,Antoni,Dunckley,Male,78,9317,Russia
104,Franciskus,Jakubovitch,Female,93,7461,Russia
105,Winny,Orpwood,Female,93,8759,Russia
106,Rick,McCorkindale,Male,78,4150,Russia
107,Rogerio,McCague,Female,99,8910,Russia
108,Essy,Rickerd,Male,85,3666,Russia
109,Yard,Feldstein,Male,72,7139,Russia
110,Jesselyn,Niaves,Male,68,7900,Russia
111,Merla,Muccino,Female,100,9010,Russia
112,Karmen,Kuhnke,Male,69,1299,Russia
113,Daria,Pottberry,Male,93,4113,Russia
114,Charmaine,Liffe,Male,69,6128,Russia
115,Lenka,Maffucci,Male,100,8841,Russia
116,Bertrand,McIndoe,Female,96,5386,Russia
117,Austen,Jurgensen,Female,73,8507,Russia
118,Mara,Bucknill,Male,65,7097,Russia
119,Allie,Mickleborough,Female,79,4742,Russia
120,Emmi,Diggell,Male,92,9469,Russia
121,Caresa,Chrishop,Male,74,4534,Russia
122,Merla,Linzee,Female,89,8290,Russia
123,Emmie,Gumn,Male,67,5366,Russia
124,Morrie,Di Pietro,Male,69,6374,Russia
125,Ludovika,Tunnicliffe,Female,70,9943,Russia
126,Heloise,Duval,Female,77,4838,Russia
127,Monty,Ellwell,Male,82,2601,Russia
128,Marylinda,Franz,Female,67,5162,Russia
129,Keith,Dahlbom,Female,82,6252,Russia
130,Blondie,Bothbie,Female,80,7155,Russia
131,Sibylla,Olyfant,Male,91,9364,Russia
132,Malorie,Giacobillo,Female,71,9192,Russia
133,Blinnie,Heaps,Male,94,4214,Russia
134,Edie,Sange,Female,84,3572,Russia
135,Gussie,Brocking,Male,81,3658,Russia
136,Blythe,Doxey,Female,86,7797,Russia
137,Dulcy,Cordeux,Male,89,7202,Russia
138,Molly,Ladell,Male,76,7505,Russia
139,Merrill,Sarfas,Male,74,4376,Russia
140,Ezmeralda,Lutwidge,Female,82,6237,Russia
141,Emlyn,Cassella,Male,72,4318,Russia
142,Jasun,Zellner,Male,95,8495,Russia
143,Herc,Sturzaker,Male,90,5515,Russia
144,Alphard,Willshee,Male,74,1719,Russia
145,Rodney,Sliney,Male,70,7029,Russia
146,Miguelita,Pridie,Female,79,5444,Russia
147,Madelena,Lewin,Male,76,8312,Russia
148,Bevon,Faltin,Female,76,4664,Russia
149,Meghan,Reck,Male,71,8075,Russia
150,Erna,Seabrocke,Female,66,3643,Russia
151,Em,Phillimore,Male,85,2691,Russia
152,Tannie,Jackes,Male,67,9149,Russia
153,Flem,Pattison,Female,68,9921,Russia
154,Roselle,Dummett,Female,91,8441,Russia
155,Stillman,Fortune,Male,86,7219,Russia
156,Margeaux,McCutcheon,Female,79,2553,Russia
157,Sashenka,Trundler,Female,92,8241,Russia
158,Wallie,Piwall,Male,76,4604,Russia
159,Eada,Gutman,Female,84,9543,Russia
160,Eleanore,McLeod,Male,66,9508,Russia
161,Melicent,Konert,Female,72,5865,Russia
162,Lanni,Barnfather,Male,77,6053,Russia
163,Cara,Elia,Male,76,2076,Russia
164,Reg,Daspar,Female,92,3263,Russia
165,Axel,Sutherns,Male,93,3744,Russia
166,Worthington,Fronsek,Male,72,1797,Russia
167,Jaine,Joanic,Male,80,8780,Russia
168,Dasi,McGavin,Male,92,5396,Russia
169,Jameson,Feronet,Female,86,2861,Russia
170,Wally,Naish,Female,80,9295,Russia
171,Renato,McMorran,Female,98,8386,Russia
172,Ashely,Edinburough,Male,80,9134,Russia
173,Muffin,Searchfield,Male,92,2702,Russia
174,Britney,Mariault,Female,82,3958,Russia
175,Anthia,Bartoszinski,Male,95,8887,Russia
176,Barnebas,Kidgell,Female,81,4976,Russia
177,Beverie,Swanbourne,Male,89,4950,Russia
178,Mercy,Swine,Male,78,3949,Russia
179,Elvira,Mebes,Male,65,2177,Russia
180,Winni,Barrat,Female,99,6026,Russia
181,Bax,Flatt,Female,76,6712,Russia
182,Kurt,Tattoo,Female,81,2448,Russia
183,Emmott,Pratt,Female,84,5385,Russia
184,Willard,Spurdens,Male,79,2027,Russia
185,Klemens,Maypowder,Male,83,3455,Russia
186,Cosimo,Hanlon,Male,79,6214,Russia
187,Rutherford,Cordingly,Female,67,4704,Russia
188,Kahaleel,Masdon,Male,80,5828,Russia
189,Querida,Heinle,Female,67,3846,Russia
190,Alexis,Hyman,Female,79,5458,Russia
191,Valentia,O'Sharkey,Male,76,7428,Russia
192,Abby,Tenney,Female,68,1627,Russia
193,Hinze,Ladlow,Male,85,7322,Russia
194,Inglebert,Roome,Male,89,6643,Russia
195,Todd,Penticost,Female,78,4016,Russia
196,Lorain,Luipold,Male,69,2967,Russia
197,Herold,Tomlinson,Male,66,3225,Russia
198,Ann-marie,Anespie,Male,76,6427,Russia
199,Millicent,Couldwell,Male,90,6261,Russia
200,Dorolisa,Domenici,Female,88,4331,Estonia
201,Quincey,Shilton,Female,79,7105,Russia
202,Geoff,Lade,Male,91,9040,Russia
203,Adrian,Matthew,Female,88,8303,Russia
204,Anita,Totman,Female,80,1455,Russia
205,Berni,Thurlbeck,Male,79,3321,Russia
206,Ev,Klarzynski,Male,100,9281,Russia
207,Magnum,Hargrave,Female,96,5804,Russia
208,Alta,Byneth,Female,87,4296,Russia
209,Josiah,Hilley,Male,85,5025,Russia
210,Miltie,Greer,Male,82,9017,Russia
211,Ignazio,Blazewski,Female,67,6984,Russia
212,Alexa,De Hooge,Male,89,4089,Russia
213,Karlie,Cayser,Female,68,5937,Russia
214,Helena,Sommerscales,Male,66,8227,Russia
215,Winnah,Stain,Male,96,8362,Russia
216,Aloysius,Lauga,Male,95,3425,Russia
217,Konstance,Dmitriev,Male,68,8505,Russia
218,Maxwell,Sollis,Female,91,8563,Russia
219,Cory,Noquet,Male,84,8745,Russia
220,Nissy,Windle,Male,75,3224,Russia
221,Brigid,Cattow,Female,82,9553,Russia
222,Ichabod,Pellant,Male,93,3586,Russia
223,Perl,Braybrook,Male,85,6469,Russia
224,Sigfrid,Balchen,Female,69,2800,Russia
225,Georgette,Guyers,Female,73,7746,Russia
226,Hamid,Guslon,Male,99,7615,Russia
227,Gregory,Shills,Female,73,6039,Estonia
228,Guthrey,Gaishson,Female,67,9298,Russia
229,Laird,Sket,Male,68,5773,Russia
230,Denice,Andell,Female,84,1564,Russia
231,Bobina,Noot,Female,77,2018,Russia
232,Vally,Witch,Male,76,2509,Russia
233,Ariela,Longfield,Female,85,8184,Russia
234,Darsie,Kidder,Male,65,5979,Russia
235,Riobard,Davana,Male,78,1567,Russia
236,Chelsea,Paylie,Female,97,3190,Russia
237,Fernando,Parnaby,Female,73,5463,Russia
238,Fanchon,Kamienski,Female,72,1670,Russia
239,Masha,Andrick,Male,97,3148,Russia
240,Brent,Mack,Female,70,7480,Russia
241,Heath,Tregidgo,Male,97,2509,Russia
242,Cleve,Yarnley,Male,94,4917,Russia
243,Angela,Pierse,Male,87,6818,Russia
244,Silvanus,Lorenzetti,Male,72,7149,Russia
245,Martin,Wailes,Female,98,1344,Russia
246,Olva,Strangwood,Male,94,8009,Russia
247,Timothea,Kimbly,Female,76,7396,Russia
248,Cornelia,Landsberg,Female,96,5205,Russia
249,Thoma,McCaffery,Male,90,1214,Russia
250,Cornie,Voaden,Female,96,2400,Russia
251,Rozalin,Thorwarth,Male,69,1817,Russia
252,Brett,Kift,Female,72,8676,Russia
253,Gail,Edmead,Male,66,4550,Russia
254,Morton,Reiach,Female,66,5036,Russia
255,Bartram,Poynor,Male,85,5923,Russia
256,Janela,Spracklin,Female,78,5313,Russia
257,Magnum,Fick,Female,89,3872,Russia
258,Tann,Egan,Male,97,1337,Russia
259,Jasen,Fenge,Female,94,8962,Russia
260,Cedric,Hodgin,Female,98,7584,Russia
261,Ginger,Paolo,Female,91,7240,Russia
262,Worthington,Logue,Male,72,6892,Russia
263,Aleta,Potteril,Male,93,1613,Russia
264,Margaretha,Winterbourne,Male,95,5751,Russia
265,Mercie,Kuhwald,Female,88,8629,Russia
266,Hort,Galbreth,Male,80,7888,Russia
267,Alaine,Sammonds,Female,65,8925,Russia
268,Jenica,Bench,Female,96,2140,Russia
269,Dore,Callard,Female,90,7810,Russia
270,Denny,Oulet,Female,86,9940,Russia
271,Ailis,Riddle,Female,84,4503,Russia
272,Dion,Sawdon,Female,100,7263,Russia
273,Ronica,Eickhoff,Female,84,6078,Russia
274,Florence,Stobbe,Male,66,5323,Russia
275,Candida,Dunaway,Female,75,2298,Russia
276,Jarred,Lincoln,Female,99,6533,Russia
277,Carree,GiacobbiniJacob,Female,76,4428,Russia
278,Huey,Brahms,Male,99,8460,Russia
279,Hiram,Surgener,Female,87,3945,Russia
280,Dene,Gilmour,Male,69,8612,Russia
281,Gusella,Rubroe,Female,73,1372,Russia
282,Cherida,Moss,Female,92,3710,Russia
283,Ase,Dadd,Male,94,4318,Russia
284,Lind,Danzelman,Female,81,7574,Russia
285,Kiel,Dymoke,Male,65,9623,Russia
286,Elinor,Coudray,Male,75,3729,Russia
287,Amelina,Sim,Male,99,8174,Russia
288,Rosene,Khomich,Female,67,4976,Russia
289,Helenelizabeth,Toll,Female,93,4614,Russia
290,Demott,Piotr,Male,93,8750,Russia
291,Gabriellia,Stones,Male,95,1228,Russia
292,Rubia,Albertson,Female,95,3900,Russia
293,Michal,Lamplugh,Female,73,9448,Russia
294,Forrest,Wych,Male,94,9224,Russia
295,Sheelagh,Buckeridge,Female,79,3445,Russia
296,Rey,Lecordier,Male,78,9817,Russia
297,Rowney,Jurgensen,Female,80,3647,Russia
298,Alonso,Ballefant,Female,95,1962,Russia
299,Leonanie,Tinham,Female,86,1409,Russia
300,Coop,Popworth,Female,90,8308,Russia
301,Jannel,Maffy,Female,68,5175,Russia
302,Garald,Aers,Female,73,2699,Russia
303,Derril,Culleton,Male,97,6582,Russia
304,Tulley,Ortas,Male,100,1952,Russia
305,Orlan,Elves,Female,65,6137,Russia
306,Ximenez,Ashmole,Female,100,8983,Russia
307,Tildie,Dowman,Male,77,3071,Russia
308,Wylie,Bovis,Female,100,7337,Russia
309,Cazzie,Jaqueminet,Female,69,9699,Russia
310,Adara,Youens,Female,100,2201,Russia
311,Ursola,Ratie,Female,71,2490,Russia
312,Codee,Lambirth,Male,100,8083,Estonia
313,Renell,Baudinelli,Male,93,7080,Russia
314,Jacenta,Keniwell,Male,85,3536,Russia
315,Reider,Urian,Female,100,8138,Russia
316,Peria,Urvoy,Female,77,5455,Russia
317,Brittaney,Pollastro,Male,90,2400,Russia
318,Lucas,Ferry,Female,87,3521,Russia
319,Kara,Paddemore,Male,70,9766,Russia
320,Antone,Kyngdon,Female,89,7278,Russia
321,Yasmeen,Wickens,Female,66,9530,Russia
322,Juliann,Rable,Male,83,9363,Russia
323,Lorianne,Balazot,Female,79,2406,Russia
324,Harris,Goldstraw,Male,73,9287,Russia
325,Doreen,Walas,Female,76,2190,Russia
326,Kahaleel,Skillings,Male,79,3636,Russia
327,Thedrick,Cook,Male,70,6166,Russia
328,Pepillo,Mahaddy,Male,89,9548,Russia
329,Juli,Gameson,Male,66,9676,Russia
330,Chas,Hixley,Male,92,3699,Russia
331,Christin,Bagot,Male,67,2224,Russia
332,Chryste,MacMaster,Female,65,5339,Russia
333,Jacquelynn,Levick,Female,84,3070,Russia
334,Byron,Gidley,Male,94,2315,Russia
335,Ashely,Annett,Male,88,3077,Russia
336,Rosy,O'Dowling,Male,77,9686,Russia
337,Justis,Wildey,Male,72,2655,Estonia
338,Micky,Groombridge,Male,83,2847,Russia
339,Zebulen,Oliphant,Female,76,6791,Russia
340,Archibald,Windle,Male,97,2596,Russia
341,Consuela,O'Geneay,Female,86,4917,Russia
342,Joey,Canfer,Male,79,6038,Russia
343,Mallissa,Ginsie,Female,67,8710,Russia
344,Ruprecht,Corbet,Female,74,6158,Russia
345,Tobe,Ilchenko,Male,80,9454,Russia
346,Christabel,Sidery,Female,65,1317,Russia
347,Marven,Frudd,Male,98,3842,Russia
348,Darell,Skitterel,Male,91,6017,Russia
349,Ethel,Astle,Male,96,3142,Russia
350,Les,Pashe,Female,100,3488,Russia
351,Prentiss,Roma,Male,94,7009,Russia
352,Gerry,Raper,Male,73,8826,Russia
353,Lurette,Bramhill,Female,74,3725,Russia
354,Norbie,Bunney,Male,73,4372,Russia
355,Rafa,Escott,Male,68,4728,Russia
356,Alvie,Meddings,Male,100,5435,Russia
357,Coralyn,Yeld,Female,80,6984,Russia
358,Delly,Reiner,Female,66,4549,Russia
359,Appolonia,Bosanko,Male,99,7891,Russia
360,Kiley,Bonnor,Male,78,3089,Russia
361,Klarika,Leishman,Male,76,5989,Estonia
362,Darrel,Ellings,Male,98,9407,Russia
363,Karalynn,Rielly,Male,94,7278,Russia
364,Meghan,Munehay,Male,82,7614,Russia
365,Johny,Delort,Male,75,6518,Russia
366,Jaquenette,Koubek,Female,99,3021,Russia
367,Zaneta,Brothwood,Male,68,2121,Russia
368,Demeter,Cairney,Male,75,9509,Russia
369,Tess,Michell,Female,66,3004,Russia
370,Clary,Haverty,Female,100,9868,Russia
371,Bridgette,Bisley,Female,66,2226,Russia
372,Dorella,Dory,Female,79,5774,Russia
373,Max,Valance,Male,84,7622,Russia
374,Sterne,Scotford,Female,89,9699,Russia
375,Lorilee,Ploughwright,Female,88,3539,Russia
376,Leela,Pinnijar,Female,83,6435,Russia
377,Winonah,Bowers,Female,67,4153,Russia
378,Richmond,Spottswood,Male,82,6962,Russia
379,Zebedee,Gert,Female,94,9808,Russia
380,Josefina,Garfath,Female,88,1768,Russia
381,Bonita,Renahan,Male,83,2179,Russia
382,Monique,Golsby,Female,99,1867,Russia
383,Gregg,Forte,Female,81,6469,Russia
384,Tarra,Manvelle,Male,92,9755,Russia
385,Natividad,Reschke,Male,92,2172,Russia
386,Emelina,Santori,Female,87,8817,Russia
387,Franciska,Davydychev,Male,82,7981,Russia
388,Thelma,Jameson,Male,91,2083,Russia
389,Matti,Boldero,Male,92,1376,Russia
390,Dion,Hitzke,Male,65,1648,Russia
391,Sibyl,Huckfield,Male,91,5880,Russia
392,Sharlene,Kohter,Female,94,3942,Russia
393,Troy,Slingsby,Male,79,8064,Russia
394,Timmie,Sink,Male,74,7255,Russia
395,Carolus,Starrs,Male,98,7882,Russia
396,Gun,Folkes,Female,69,6143,Russia
397,Gal,Khidr,Female,97,3619,Russia
398,Skipton,Drable,Female,100,4226,Russia
399,Aleksandr,Wittrington,Female,86,8420,Russia
400,Aland,Karlicek,Male,98,7107,Russia
401,Adelheid,Galer,Female,70,7364,Russia
402,Codie,Nayer,Male,82,7305,Russia
403,Manda,Bondesen,Male,89,2144,Russia
404,Emmanuel,Orteu,Male,66,6108,Russia
405,Dag,Bengle,Female,80,7796,Russia
406,Arie,Garden,Male,99,1644,Russia
407,Inessa,Went,Male,85,8955,Russia
408,Chane,Plewright,Male,67,2869,Russia
409,Mildrid,Poacher,Male,68,2098,Russia
410,Yorker,McCoughan,Male,92,5067,Russia
411,Eveline,Sellack,Male,92,3896,Russia
412,Aleda,O'Bradane,Female,71,3353,Russia
413,Jackelyn,Schofield,Female,72,9835,Russia
414,Sky,Pennicott,Male,82,1291,Russia
415,Laurie,Francklyn,Female,88,6383,Russia
416,Duky,Boatwright,Male,73,5071,Russia
417,Earl,Kabisch,Male,75,9865,Russia
418,Gerry,Nelson,Male,70,9156,Russia
419,Siward,Vader,Female,69,9927,Russia
420,Tedi,Wigginton,Male,69,2720,Russia
421,Elfie,Halgarth,Female,89,5134,Russia
422,Wilhelm,Mardlin,Female,76,7481,Russia
423,Cosme,Gillmor,Female,84,5491,Estonia
424,Teresa,Stammers,Male,93,1444,Russia
425,Rheba,Cambling,Male,67,6793,Russia
426,Filide,Elsegood,Male,81,3002,Russia
427,Peggie,Benedidick,Male,68,2937,Russia
428,Bianca,Rosiello,Male,67,3490,Russia
429,Gonzales,Galley,Female,77,5456,Russia
430,Joly,Allsepp,Male,80,7106,Russia
431,Ursuline,Croxton,Female,83,5606,Russia
432,Channa,Ping,Female,81,6364,Russia
433,Nicolis,Choke,Female,100,1255,Russia
434,Chen,A'Barrow,Male,94,6832,Russia
435,Herve,Macek,Female,69,2617,Russia
436,Ned,de Marco,Male,65,3109,Russia
437,Maxim,De Beneditti,Female,99,7634,Russia
438,Kelli,Kennally,Male,80,7452,Russia
439,Iggy,Danielsson,Male,71,3426,Russia
440,Zechariah,Samet,Female,70,4609,Russia
441,Aube,Piecha,Female,83,8408,Russia
442,Jens,Kempster,Female,94,4350,Russia
443,Betty,Glisenan,Male,98,4968,Russia
444,Bellanca,Rodda,Male,77,9475,Russia
445,Aylmar,Davenell,Male,97,5793,Russia
446,Petronia,Lintall,Male,83,4177,Russia
447,Josee,Minto,Male,78,4185,Russia
448,Scott,Sygroves,Male,100,2898,Russia
449,Pavlov,Goldingay,Male,67,2298,Russia
450,Percival,Cadany,Female,98,5199,Russia
451,Hortensia,Brome,Male,87,4654,Russia
452,Rafe,Sandells,Male,98,3734,Russia
453,Matthieu,Pennetta,Male,96,7807,Russia
454,Salomone,Goodison,Male,78,3155,Russia
455,Suzanne,Girardy,Female,93,3759,Russia
456,Nefen,Musicka,Female,94,7205,Russia
457,Barron,Godbolt,Male,80,1510,Russia
458,Sutton,Bannerman,Female,70,6770,Russia
459,Adora,Chesters,Male,70,4411,Russia
460,Marney,Eddoes,Male,97,3361,Russia
461,Rhianon,Mewitt,Male,65,3589,Russia
462,Kelcie,Larsen,Male,79,7679,Russia
463,Henryetta,Kilmurry,Female,98,1940,Russia
464,Edyth,Brennenstuhl,Female,80,3794,Russia
465,Amelina,Habgood,Female,76,5455,Russia
466,Phillip,Ambrogi,Male,72,3835,Russia
467,Cloe,Hayford,Female,87,6899,Russia
468,Ronny,Scarce,Male,81,6882,Russia
469,Scarlet,Carrodus,Male,81,2462,Russia
470,Harli,Gashion,Female,80,9777,Russia
471,Floria,Baynes,Female,92,1886,Russia
472,Brewster,Stelfox,Male,65,2733,Russia
473,Onfre,Grimmolby,Female,98,3406,Russia
474,Giuseppe,Plastow,Female,73,1675,Russia
475,Griffin,Garvie,Male,99,4778,Russia
476,Guglielmo,Vickors,Male,97,2372,Russia
477,Griffith,MacGille,Male,98,8997,Russia
478,Gilles,Stedson,Female,78,5202,Russia
479,Dietrich,Houtbie,Female,93,8619,Estonia
480,Ula,Wattisham,Male,82,7931,Russia
481,Neila,Checketts,Male,92,4264,Russia
482,Anthony,Mattholie,Male,95,1595,Russia
483,Alane,Fearnyough,Male,91,9480,Russia
484,Samson,Poytheras,Female,67,1234,Russia
485,Georgeanna,Birth,Male,68,9788,Russia
486,Marya,Kilshaw,Male,100,3099,Russia
487,Jenelle,Petkens,Female,66,1474,Russia
488,Bear,Elcoat,Male,76,6951,Russia
489,Karia,Gery,Male,81,8902,Estonia
490,Bryce,Scroggie,Male,81,9344,Russia
491,Sibilla,Hallad,Female,95,7903,Russia
492,Quentin,Laneham,Male,65,7237,Russia
493,Saxon,Giovanetti,Male,100,2605,Russia
494,Ruthi,Svanetti,Female,81,6397,Russia
495,Dex,Giff,Female,72,2041,Russia
496,Jordon,Dimmne,Male,87,9979,Russia
497,Emmalyn,Spaxman,Female,82,9870,Russia
498,Filmer,Broadwood,Male,75,8305,Russia
499,Alfi,Picknett,Male,77,5107,Russia
500,Karoline,Antrum,Male,66,9007,Russia
501,Elisha,Enticknap,Male,83,3799,Russia
502,Ryan,Curl,Male,70,3664,Russia
503,Ulick,Weddell,Female,93,4363,Russia
504,Allistir,Ballingal,Female,75,9560,Russia
505,Ephrem,Daens,Male,89,9780,Russia
506,Vyky,Aylesbury,Male,92,5420,Russia
507,Wallis,Anthonsen,Female,66,8949,Russia
508,Walden,Huyhton,Female,67,9519,Russia
509,Lexi,Lander,Female,68,8948,Russia
510,Caprice,Thorlby,Male,97,5839,Russia
511,Brigit,Swinfen,Male,81,6209,Russia
512,Obadias,Kloisner,Female,98,5965,Russia
513,Padgett,Graal,Male,69,1905,Russia
514,Jade,Frostdick,Female,88,8507,Russia
515,Deborah,Fronczak,Female,77,1333,Russia
516,El,Klampk,Female,93,9351,Russia
517,Anastasie,Heaton,Female,81,5848,Russia
518,Tamar,Solley,Male,83,5538,Russia
519,Lorri,Provost,Male,74,5775,Russia
520,Matthias,Kemston,Male,88,6260,Russia
521,Corrie,Jerche,Female,84,2372,Russia
522,Cybil,Brent,Female,68,6190,Russia
523,Keelby,Geri,Male,97,7739,Russia
524,Lauren,Blasli,Male,97,9115,Russia
525,Sayers,Hanselmann,Female,97,4170,Russia
526,Bridie,Desson,Female,96,9215,Russia
527,Nerti,Sweetlove,Male,81,3423,Russia
528,Forester,Strivens,Female,85,5433,Russia
529,Arleen,Connechy,Female,100,3614,Russia
530,Lenette,Aronow,Female,69,8420,Russia
531,Tuesday,McHaffy,Female,95,3763,Russia
532,Iolande,Form,Male,93,7647,Russia
533,Gustave,Milch,Male,85,5946,Russia
534,Eleanore,Smallcomb,Male,72,5211,Russia
535,Caroline,Boldison,Male,77,7918,Russia
536,Harv,Packe,Male,71,9524,Russia
537,Nichols,McKelvey,Male,91,2393,Russia
538,Bordy,Baldwin,Female,99,6634,Russia
539,Kamila,Prinn,Male,95,2518,Russia
540,Alister,Dybald,Male,87,8098,Russia
541,Molli,Rochelle,Female,92,3189,Russia
542,Alvy,Crozier,Female,84,1468,Russia
543,Bryna,Broughton,Male,85,4136,Russia
544,Gretchen,Moysey,Male,98,3833,Russia
545,Carena,Surtees,Female,90,1712,Russia
546,Carlin,Teck,Male,80,1692,Russia
547,Cyrill,Dallicott,Male,88,9501,Russia
548,Gianina,Popeley,Male,76,3200,Russia
549,Cyrus,Collabine,Male,68,6879,Russia
550,Wylie,Adamovicz,Female,74,4274,Russia
551,Claybourne,Sirman,Female,89,1434,Russia
552,Vinny,Panchen,Male,71,2552,Russia
553,Tiffanie,Cleve,Female,78,9181,Russia
554,Clyve,Dybbe,Female,94,2638,Russia
555,Ofilia,Meriot,Female,71,4172,Russia
556,Adrian,Kellar,Male,80,5340,Russia
557,Dallas,Ducket,Female,87,7892,Russia
558,Janot,Verralls,Female,73,3055,Estonia
559,Sheelah,Arkle,Male,84,1271,Russia
560,Vincents,Ramos,Male,84,8840,Russia
561,Leola,Stalman,Female,66,7116,Russia
562,Holly,Ofield,Female,90,4113,Russia
563,May,Marklund,Male,90,2582,Estonia
564,Marilin,Iveans,Male,80,9530,Russia
565,Harlie,Gulley,Female,88,1684,Russia
566,Noel,Salkild,Female,74,6292,Russia
567,Valentia,Zanardii,Male,73,6721,Russia
568,Desmond,Pittoli,Female,86,5874,Russia
569,Datha,Langeley,Male,71,8661,Russia
570,Hy,Pickle,Male,98,2504,Russia
571,Ignace,Spacie,Female,72,7606,Russia
572,Lock,Dymick,Male,67,7687,Russia
573,Pietro,Guilfoyle,Male,92,8637,Russia
574,Marjy,Whiley,Female,72,9580,Russia
575,Morse,Yelden,Male,70,5984,Russia
576,Corrianne,Pawden,Female,97,4319,Russia
577,Paulie,Roddell,Female,85,5008,Russia
578,Nellie,Sandwick,Male,78,5360,Russia
579,Felice,Swindells,Male,81,3427,Russia
580,Borden,Dalgety,Female,81,9500,Russia
581,Brose,Lawden,Male,83,9034,Russia
582,Pace,Oakwood,Male,94,3529,Russia
583,Logan,Waye,Female,77,2371,Russia
584,Carmon,Gierok,Male,77,8322,Russia
585,Dannie,Mattecot,Female,100,1397,Russia
586,Atlanta,Sprowle,Female,91,2155,Russia
587,Karleen,Rides,Male,93,9907,Russia
588,Tatiana,Roddam,Female,70,2549,Russia
589,Leda,Wrettum,Male,70,5285,Russia
590,Cristie,Beiderbecke,Female,91,8759,Russia
591,Zollie,Medforth,Male,78,7146,Russia
592,Chelsae,Trassler,Female,91,6884,Russia
593,Ferdinande,Garrity,Female,98,1470,Russia
594,Rosa,Copnall,Male,81,7459,Russia
595,Addi,Rossoni,Male,96,7245,Russia
596,Bord,Pietruszka,Male,76,3559,Russia
597,Kyrstin,Grigoli,Female,76,9440,Russia
598,Chen,Twinterman,Male,87,2276,Russia
599,Arly,Steen,Male,75,7513,Russia
600,Kandace,Tuma,Female,76,9196,Russia
601,Charlena,Wasbrough,Male,95,7763,Russia
602,Abby,Jeannequin,Male,71,4597,Russia
603,Rafe,Matthiae,Male,86,1421,Russia
604,Nobie,Mutch,Male,66,8380,Russia
605,Mord,Gladwin,Female,67,2649,Russia
606,Lewie,Barke,Male,86,2085,Russia
607,Wyn,Thewless,Female,70,6998,Russia
608,Fonz,McAneny,Female,100,1244,Russia
609,Cariotta,Ornelas,Male,100,7749,Russia
610,Arleen,Whisson,Male,97,3693,Russia
611,Feodor,Gurney,Female,67,2722,Russia
612,Winslow,Jocelyn,Female,93,6413,Russia
613,Shara,Tatersale,Female,100,6294,Russia
614,Lodovico,Garroway,Female,68,2873,Russia
615,Ange,Dunbleton,Male,65,1471,Estonia
616,Karoly,Wilkes,Male,67,5285,Russia
617,Derk,Scarr,Male,94,9929,Russia
618,Carolan,McKintosh,Male,66,6818,Russia
619,Lisbeth,Ascrofte,Male,87,8296,Russia
620,Wynny,Tizard,Female,77,5999,Russia
621,Lydia,Trewhela,Male,90,4976,Russia
622,Wally,Sanbrook,Male,89,6318,Russia
623,Zahara,Andrichuk,Female,77,9662,Russia
624,Shaughn,Spicer,Male,100,4097,Russia
625,Garold,Rowling,Female,68,3845,Russia
626,Zorana,Chestle,Male,92,7403,Russia
627,Fleur,Millhouse,Female,76,7381,Russia
628,Skipper,Gosford,Female,84,5699,Russia
629,Lesley,Jarrard,Male,91,2591,Russia
630,Gustave,todor,Male,79,5382,Russia
631,Kalindi,Crady,Female,66,7862,Russia
632,Lindsey,Drejer,Male,73,4196,Russia
633,Yasmin,Gillbee,Female,97,7037,Russia
634,Elyn,Romke,Male,83,6985,Russia
635,Magdalene,Dibner,Male,72,5875,Russia
636,Charin,Megarry,Female,88,9355,Russia
637,Audre,Bearman,Male,72,3398,Russia
638,Germain,McCrow,Male,86,8893,Russia
639,Michal,Valente,Male,81,3995,Estonia
640,Washington,Gransden,Male,75,8960,Russia
641,Katy,Kwietak,Male,91,6095,Russia
642,Emmye,Standbridge,Female,91,4616,Russia
643,Omero,Solon,Male,69,2859,Russia
644,Urson,Dymidowicz,Female,75,9802,Russia
645,Penelope,Fraine,Female,70,1281,Russia
646,Pincus,Threadgall,Male,88,2132,Russia
647,Coletta,Bartelot,Male,79,8875,Russia
648,Etan,Linturn,Male,68,2219,Russia
649,Yankee,Brozek,Male,65,3633,Russia
650,Bess,Wetton,Male,73,4537,Russia
651,Ahmed,Antognazzi,Female,98,4133,Russia
652,Lonny,Thorneley,Female,74,3303,Russia
653,Evered,McCaughey,Female,73,6529,Russia
654,Kyle,Amey,Female,73,1346,Russia
655,Owen,Aldcorne,Male,79,8288,Russia
656,Peterus,Duffrie,Female,85,3178,Russia
657,Duky,Nand,Female,87,3428,Russia
658,Liesa,Cardenas,Male,97,9191,Russia
659,Valene,Bernardot,Female,74,3485,Russia
660,Tobin,Wash,Female,66,8308,Russia
661,Tobe,Goodee,Male,92,6558,Russia
662,Friedrick,Sanchez,Female,91,1307,Russia
663,Gibbie,Liddon,Female,80,6629,Russia
664,Reed,Possek,Male,66,7067,Russia
665,Kathe,Poulden,Male,92,4047,Russia
666,Janelle,Straw,Female,100,3218,Russia
667,Malvin,Welband,Male,90,8604,Russia
668,Friedrich,Burgher,Female,83,2664,Russia
669,Sebastian,Matchell,Male,97,5865,Russia
670,Kingston,Spriddle,Male,80,6050,Russia
671,Cortie,Hayles,Female,65,8467,Russia
672,Gypsy,Ping,Female,70,9068,Russia
673,Dorice,Scranney,Male,66,9077,Russia
674,Angelina,Ewols,Male,79,6686,Russia
675,Theda,Dowrey,Female,66,2596,Russia
676,Conrad,Leggan,Male,85,7184,Russia
677,Godfree,Rosson,Female,93,7440,Russia
678,Maribel,Iacobucci,Female,89,6964,Russia
679,Gussy,Papes,Female,81,9827,Russia
680,Simeon,Lautie,Female,68,7607,Russia
681,Addison,Luis,Female,81,2981,Russia
682,Elissa,Ferenczy,Male,70,4462,Russia
683,Atlanta,Ayris,Female,81,6100,Russia
684,Jorey,Macauley,Female,81,7865,Russia
685,Ruperta,Waldrum,Male,84,7674,Russia
686,Wayne,Ghest,Male,87,9011,Russia
687,Ginevra,Barnson,Male,66,7340,Russia
688,Lorna,Sell,Male,79,5684,Russia
689,Gamaliel,Colbourne,Male,70,8074,Russia
690,Kinsley,Savil,Male,69,1881,Russia
691,Danella,Oddie,Male,85,7234,Russia
692,Claus,Ethersey,Male,80,6179,Russia
693,Nadean,Benyon,Male,71,4755,Russia
694,Sara-ann,Doddemeede,Female,89,8249,Russia
695,Cybill,Petrelli,Female,72,9237,Russia
696,Oswald,Champagne,Male,68,4210,Russia
697,Justin,Higgen,Male,85,4469,Russia
698,Wake,Stallon,Female,100,1209,Russia
699,Juliane,Francke,Male,78,5321,Russia
700,Brennen,Madner,Female,81,3746,Russia
701,Mickey,Chieze,Male,89,1603,Russia
702,Judye,Ancliffe,Male,71,9318,Russia
703,Jess,Sporgeon,Male,67,5653,Russia
704,Fiann,Redington,Female,100,4305,Russia
705,Bertrand,Chinery,Male,90,3014,Russia
706,Creighton,Cordey,Male,76,4631,Russia
707,Audry,De Laspee,Female,69,6074,Estonia
708,Edward,Louedey,Female,95,9249,Russia
709,Dario,Langman,Female,78,3446,Russia
710,Hadrian,Peyto,Male,94,9144,Russia
711,Barby,Stirley,Female,72,5897,Russia
712,Dukey,Janoch,Female,67,9297,Russia
713,Elijah,Eighteen,Male,83,8519,Russia
714,Kathrine,Murra,Male,71,2314,Russia
715,Noam,Vardon,Female,84,3065,Russia
716,Austina,Gerlack,Male,72,6103,Russia
717,Ruby,Waldrum,Male,94,8252,Russia
718,Maribeth,Vernazza,Male,67,1256,Russia
719,Ninnette,Labroue,Female,71,2657,Russia
720,Mitch,Bramstom,Female,73,2860,Russia
721,Kenn,Hains,Male,99,5148,Russia
722,Lynea,Kernermann,Female,79,3887,Russia
723,Gerald,Royle,Female,85,6814,Russia
724,Patrice,Sinnie,Female,75,4555,Russia
725,Felipa,Kingham,Female,98,5563,Russia
726,Elliott,Accomb,Female,78,6291,Russia
727,Margit,Foulds,Female,76,7606,Russia
728,Cindy,Brendish,Female,100,3009,Russia
729,Jo-anne,Jezzard,Male,80,1601,Russia
730,Almeda,Knight,Female,92,7028,Russia
731,Ramsey,Lillywhite,Male,69,9702,Russia
732,Ruthanne,Easterling,Male,85,8141,Russia
733,Martha,Logie,Female,88,8460,Russia
734,Werner,Hillen,Male,95,6686,Russia
735,Heida,Velten,Male,84,4734,Russia
736,Iolanthe,Semkins,Male,78,7735,Estonia
737,Mirna,Cantle,Male,90,9968,Russia
738,Carolann,Muxworthy,Female,80,7974,Russia
739,Tobias,Kellart,Female,95,9641,Russia
740,Beckie,Pudsall,Female,71,3026,Russia
741,Phaedra,Tripcony,Male,87,5605,Russia
742,Ardys,Ruger,Female,74,8931,Russia
743,Marysa,Bernhart,Male,81,9315,Russia
744,Daryn,McDuffy,Female,68,2922,Russia
745,Sunshine,Yoodall,Female,75,3265,Russia
746,Caresa,Denver,Male,67,7475,Russia
747,Kippy,Chevins,Female,75,8129,Russia
748,Sonny,Aslin,Male,66,7774,Russia
749,Mead,Meech,Female,76,8386,Russia
750,Nesta,Marrion,Male,100,1734,Russia
751,Hew,Sherrell,Female,69,3483,Russia
752,Lorri,Genner,Male,76,9107,Russia
753,Adelheid,Sloan,Male,84,8857,Russia
754,Ellary,Leckey,Female,89,4760,Russia
755,Julita,Vittery,Male,87,7129,Russia
756,Bear,Tow,Male,84,2517,Russia
757,Florrie,Redwood,Male,80,4202,Russia
758,Josh,Sime,Female,93,3153,Russia
759,Bevvy,Leney,Male,94,8379,Russia
760,Dinnie,Gwynn,Male,99,9925,Russia
761,Frederique,Spencook,Female,83,9859,Russia
762,Donnajean,Dy,Male,69,2158,Russia
763,Frederigo,Phelan,Male,66,3225,Russia
764,Leonard,Kinghorn,Male,90,8084,Russia
765,Stu,Niesing,Female,88,2293,Russia
766,Hazel,Marchent,Female,80,6136,Russia
767,Win,Brownscombe,Female,90,5176,Russia
768,Henka,Willavoys,Male,66,6469,Russia
769,Joyann,O'Moylan,Female,97,2393,Russia
770,Drusie,Pender,Male,100,9897,Russia
771,Vinita,Batisse,Male,71,4897,Russia
772,Mireielle,Severs,Female,77,6923,Russia
773,Elmore,Featherby,Male,80,4860,Russia
774,Euell,Cleminson,Male,82,5629,Russia
775,Harrison,Roskell,Male,91,6200,Russia
776,Duke,Mosco,Male,82,4857,Russia
777,Hollyanne,Cahen,Male,75,3086,Russia
778,Aaren,Vader,Male,70,1862,Russia
779,Lowe,Yushankin,Female,81,5813,Russia
780,Trixie,Twiggs,Female,83,1395,Russia
781,Deedee,O'Callaghan,Male,88,9743,Russia
782,Star,Spikings,Female,92,5186,Russia
783,Hartwell,Kach,Female,82,2264,Russia
784,Eric,Josefowicz,Female,83,8888,Russia
785,Lauraine,Pettit,Female,75,8955,Russia
786,Ragnar,Donnell,Female,79,4295,Russia
787,Maryrose,Renvoise,Male,84,8724,Russia
788,Hubey,Fitzsimmons,Male,67,3228,Russia
789,Charles,Pretious,Female,80,8148,Russia
790,Garold,Pendrey,Female,84,2598,Russia
791,Charis,Searl,Female,67,4783,Russia
792,Pierce,Marfe,Female,81,9314,Russia
793,Sauncho,O'Carney,Female,73,8877,Russia
794,Gar,Moreinis,Male,76,7802,Russia
795,Nichole,Matthensen,Male,68,9151,Russia
796,Karney,Decroix,Female,85,6213,Russia
797,Rosella,Arnow,Male,67,3126,Russia
798,Cherianne,Labes,Male,84,8176,Russia
799,Krystle,Stapforth,Female,87,6394,Russia
800,Simone,Hansana,Male,70,9589,Russia
801,Annabell,Pearsall,Male,93,9027,Russia
802,Arie,Donohoe,Male,81,4910,Russia
803,Georg,Crosio,Male,71,1644,Russia
804,Rozanna,Keaton,Female,83,7781,Russia
805,Adriaens,Daniels,Male,78,5463,Russia
806,Yuri,Wakelin,Male,87,9913,Russia
807,Calley,Clouter,Female,73,5786,Russia
808,Augie,Beisley,Male,96,9715,Russia
809,Evaleen,Izkovitz,Male,90,3899,Russia
810,Powell,Edmott,Male,66,3669,Russia
811,Daile,Amys,Male,69,4931,Russia
812,Bibi,La Grange,Male,75,4719,Russia
813,Cris,Padly,Female,72,2165,Russia
814,Burt,McCutheon,Male,81,7132,Russia
815,Barnaby,Stamp,Female,82,5168,Russia
816,Ariel,Sivier,Male,65,4978,Russia
817,Deloria,Simmig,Female,88,1510,Russia
818,Alleyn,O' Borne,Female,99,3375,Russia
819,Kellina,Binder,Female,76,7728,Russia
820,Thomasina,Springthorpe,Male,68,9255,Russia
821,Rea,Wernham,Female,95,6309,Russia
822,Robbi,Eggins,Female,79,8408,Russia
823,Karilynn,Baudts,Male,88,7915,Russia
824,Salim,Saffen,Female,91,2580,Russia
825,Susy,Colvine,Male,93,4323,Russia
826,Aurelie,Feake,Female,71,2691,Russia
827,Gaby,Digance,Male,89,8722,Russia
828,Brynna,Severn,Male,66,7933,Russia
829,Laraine,D'Abbot-Doyle,Male,87,6774,Russia
830,Myrtice,Syseland,Female,95,3107,Russia
831,Marijo,Habden,Female,68,1315,Russia
832,Gardiner,Matasov,Female,79,7714,Russia
833,Darbie,Winsbury,Female,93,8171,Russia
834,Lazar,Duny,Male,93,1393,Russia
835,Yorgos,Asquez,Male,92,6032,Russia
836,Lona,Wing,Female,98,2585,Russia
837,Rickie,Ward,Female,65,8057,Russia
838,Libbey,Dennington,Female,96,5373,Russia
839,Alix,Ellwood,Female,71,9452,Russia
840,Taber,Chaff,Male,95,7629,Russia
841,Halsey,Riddoch,Male,75,5255,Russia
842,Culley,McManus,Male,96,1658,Russia
843,Dreddy,Justun,Male,85,9949,Russia
844,Rikki,Braunter,Female,95,1490,Russia
845,Faunie,Physick,Female,91,2583,Russia
846,Reed,Pfleger,Male,92,4586,Estonia
847,Ann-marie,Coonan,Female,95,4891,Russia
848,Cobby,Ciobutaru,Female,83,9413,Russia
849,Charmian,Mabbott,Male,74,9639,Russia
850,Tades,Tristram,Female,98,1223,Russia
851,Egor,Bohling,Female,91,9619,Russia
852,Deena,Mussotti,Male,87,5046,Russia
853,Padriac,Hayle,Male,72,1740,Russia
854,Ulysses,Hrihorovich,Female,80,7854,Russia
855,Adel,Grigolli,Female,83,7406,Russia
856,Tiffie,Ludgate,Female,93,6049,Russia
857,Neila,Rootham,Male,70,4792,Russia
858,Lazare,Maclaine,Male,82,7569,Russia
859,Juanita,Palke,Female,67,4561,Russia
860,Kenny,Maceur,Male,99,2657,Russia
861,Madelin,Rudkin,Female,66,5675,Russia
862,Austina,Glover,Female,97,8859,Russia
863,Arther,Coltart,Female,71,7783,Russia
864,Walden,Elcom,Male,85,9018,Russia
865,Rogerio,Went,Female,88,8276,Russia
866,Tomi,Kleen,Female,76,3941,Russia
867,Miner,Medland,Female,69,9902,Russia
868,Cristabel,Lewton,Female,76,2828,Russia
869,Sibilla,Curlis,Female,77,5308,Russia
870,Wildon,Margrem,Female,83,9826,Russia
871,Alexi,Ellicombe,Female,69,6635,Russia
872,Claude,Estoile,Male,85,2098,Russia
873,Brodie,Dundendale,Male,65,5828,Russia
874,Carlene,Jarry,Male,69,7585,Russia
875,Artur,Scamerden,Male,67,6612,Russia
876,Corrie,Gaw,Female,96,2250,Russia
877,Lauree,Summerfield,Female,96,6505,Russia
878,Aubrey,Hewson,Female,67,8021,Russia
879,Mattias,Marler,Female,84,6064,Russia
880,Serena,Munning,Male,89,7179,Russia
881,Arleyne,Reilingen,Male,66,9278,Russia
882,Wini,Gomes,Male,94,6786,Russia
883,Abigail,Volker,Male,87,9067,Russia
884,Chaim,Caukill,Male,92,7108,Russia
885,Rodolphe,Wimp,Female,77,2455,Russia
886,Kiersten,Marchington,Male,92,5505,Estonia
887,Janot,Rowaszkiewicz,Female,77,5056,Russia
888,Selle,Pinar,Male,84,4119,Russia
889,Donnamarie,Ridd,Female,66,3195,Russia
890,Markos,Andraud,Female,100,1375,Russia
891,Pebrook,Dods,Female,94,4968,Russia
892,Warden,Spirritt,Male,98,8630,Russia
893,Shoshanna,Bennion,Male,66,2318,Russia
894,Dotty,Teaz,Male,69,5935,Russia
895,Phaedra,Birth,Female,77,7409,Russia
896,Audy,Filipovic,Female,89,8607,Russia
897,Ulberto,Shellshear,Female,76,5080,Russia
898,Prent,Dellenbrook,Female,88,5535,Russia
899,Adelaide,Ewart,Male,86,2217,Russia
900,Billie,Derrett,Male,76,2764,Russia
901,Donnie,Geer,Female,68,1249,Russia
902,Bob,Brecknell,Female,80,6794,Russia
903,Lesli,Holdren,Female,77,4773,Russia
904,Carlyn,Stang-Gjertsen,Female,79,1774,Russia
905,Gilbertina,Kohnert,Male,83,4988,Russia
906,Brigitte,Diggell,Male,99,2539,Russia
907,Debbi,Lionel,Male,83,1785,Estonia
908,Clim,Tommaseo,Male,83,9520,Russia
909,Allx,Herity,Female,74,7919,Russia
910,Rene,Vouls,Male,70,7356,Russia
911,Erskine,Scammonden,Female,90,9928,Russia
912,Berton,Benediktovich,Male,76,9379,Estonia
913,Laurena,Champneys,Male,88,6296,Russia
914,Townie,Couldwell,Female,81,7539,Russia
915,Thurstan,Beert,Male,94,8385,Russia
916,Clem,Kwiek,Female,97,7331,Russia
917,Malinda,Duffit,Female,83,3165,Russia
918,Lorri,Shucksmith,Male,97,3218,Russia
919,Davin,Gideon,Female,83,4692,Russia
920,Remus,Mugg,Male,89,1857,Russia
921,Rodrick,Hallihan,Male,67,6973,Russia
922,Darcie,Stork,Female,84,5010,Russia
923,Olivero,Yakovliv,Female,88,6694,Russia
924,Celene,Iacomi,Female,69,7258,Russia
925,Hilliary,Endrighi,Male,88,4895,Russia
926,Ethan,Wones,Female,74,1297,Russia
927,Gerald,Hammerstone,Female,78,8304,Russia
928,Coreen,Archbold,Female,91,5181,Russia
929,Korrie,Melross,Male,71,3094,Russia
930,Marion,Capehorn,Male,95,3630,Russia
931,Godard,Ville,Female,74,8787,Russia
932,Pietro,Deinert,Female,67,4062,Russia
933,Jan,Skippings,Female,74,3626,Russia
934,Kylen,Fonte,Female,94,8165,Russia
935,Laurene,Curnokk,Female,71,2551,Russia
936,Fancy,Bakewell,Female,79,8302,Russia
937,Nathanial,Adolthine,Female,90,6798,Russia
938,Emily,Nafziger,Male,97,3705,Russia
939,Cecil,Chomiszewski,Male,98,4293,Russia
940,Colly,Rosenblatt,Female,98,1590,Russia
941,Ingrim,Becerra,Female,66,5848,Russia
942,Laurene,Ogelsby,Female,81,6677,Russia
943,Tedd,Norcutt,Female,75,7484,Russia
944,Magdalene,Mole,Male,88,7815,Russia
945,Denver,Tandy,Female,93,1359,Estonia
946,Chrissie,Rojahn,Male,82,1251,Russia
947,Alden,Greiser,Female,80,9313,Russia
948,Shandeigh,Shulver,Female,99,7130,Russia
949,Ilise,Lenden,Male,92,2764,Russia
950,Dunn,Woolerton,Male,100,2147,Russia
951,Archibold,Balderstone,Female,90,2218,Russia
952,Elberta,Kettlestringes,Female,84,8420,Russia
953,Abdel,Maciunas,Female,92,2664,Russia
954,Camella,Wateridge,Female,93,8989,Russia
955,Jade,Swafford,Male,66,5907,Russia
956,Alric,Lilleycrop,Male,96,6520,Russia
957,Stephine,Rouby,Female,91,9712,Russia
958,Paul,Quan,Male,82,8108,Russia
959,Randene,Aldrick,Female,97,3691,Russia
960,Washington,Burchard,Female,72,1867,Russia
961,Muriel,Pointer,Male,92,9459,Russia
962,Nathan,Slorach,Female,76,1893,Russia
963,Channa,Petrulis,Female,90,2636,Russia
964,Emera,Riordan,Female,71,3069,Russia
965,Orsola,Burdoun,Male,98,5910,Russia
966,Fay,Ginnelly,Male,96,4477,Russia
967,Shem,Antecki,Male,74,1957,Russia
968,Lizbeth,Bruford,Female,71,5843,Russia
969,Constanta,Lighterness,Female,99,4216,Russia
970,Karlens,Kunz,Male,91,6986,Russia
971,Morena,Muir,Female,89,9119,Russia
972,Wit,Satterthwaite,Female,95,3199,Russia
973,Nolana,Thurlbourne,Female,90,8294,Russia
974,Gregor,MacGovern,Male,89,8325,Russia
975,Alix,Lamperti,Female,66,6330,Russia
976,Melisandra,Cowely,Male,97,8631,Russia
977,Chloris,de la Tremoille,Male,75,8977,Russia
978,Wynny,Hamil,Female,85,6045,Russia
979,Dillon,Hulse,Female,68,4777,Russia
980,Hamnet,Hearse,Male,77,9401,Russia
981,Jacenta,Jessop,Female,78,8078,Russia
982,Vita,Alekhov,Male,82,4622,Russia
983,Ora,Hissie,Male,80,6064,Russia
984,Collin,Gratrix,Female,69,4396,Russia
985,Simeon,Sumsion,Female,65,5336,Russia
986,Sheelagh,Sayre,Female,80,6332,Russia
987,Arden,Abell,Male,74,9045,Russia
988,Flora,Hendrik,Female,99,8284,Russia
989,Harriet,Bartzen,Female,82,3534,Russia
990,Romeo,Willoughby,Male,96,6329,Russia
991,Gabriel,Davoren,Male,84,6970,Russia
992,Thain,MacConneely,Male,72,7843,Russia
993,Rita,Hallard,Male,65,3638,Russia
994,Jackie,Bruckman,Male,93,1947,Russia
995,Karlyn,Gossage,Male,75,3389,Russia
996,Nola,MacGaughy,Male,96,1353,Russia
997,Gianna,Winslow,Male,67,7356,Russia
998,Jeannine,Rymour,Male,83,2918,Estonia
999,Demetra,Gant,Female,80,8686,Russia
1000,Adrian,Duddin,Male,88,3806,Russia
